saldo,foodseats,sportsvenue,servicesnum,theatres,library,cultureorg,musartschool
0.009801876955161626,0.00441764981030092,0.07894736842105263,0.06153846153846154,0.0,0.017543859649122806,0.022222222222222223,0.14285714285714285
0.05130344108446298,0.032196871264487295,0.3125,0.6637362637362637,0.029411764705882353,0.17543859649122806,0.044444444444444446,0.2857142857142857
0.29280500521376435,0.008133672886024635,0.2598684210526316,0.5736263736263736,0.0,0.03508771929824561,0.044444444444444446,0.14285714285714285
0.2510948905109489,0.01086222129826932,0.2730263157894737,0.832967032967033,0.0,0.03508771929824561,0.044444444444444446,0.14285714285714285
0.005005213764337852,0.000623668208513071,0.013157894736842105,0.008791208791208791,0.0,0.0,0.0,0.0
0.001251303441084463,0.0,0.003289473684210526,0.0,0.0,0.017543859649122806,0.022222222222222223,0.0
0.0008342022940563086,0.000623668208513071,0.009868421052631578,0.006593406593406593,0.0,0.0,0.0,0.0
0.0,0.0,0.009868421052631578,0.0,0.0,0.0,0.022222222222222223,0.0
0.0,0.0,0.009868421052631578,0.0,0.0,0.0,0.0,0.0
0.0022940563086548487,0.0009355023127696066,0.02631578947368421,0.006593406593406593,0.0,0.0,0.0,0.0
0.025234619395203335,0.04890598201756666,0.3223684210526316,0.20659340659340658,0.029411764705882353,0.017543859649122806,0.08888888888888889,0.2857142857142857
0.11470281543274244,0.0685515305857284,0.3355263157894737,0.20659340659340658,0.029411764705882353,0.017543859649122806,0.08888888888888889,0.2857142857142857
0.09781021897810219,0.07967361363754483,0.35855263157894735,0.20659340659340658,0.029411764705882353,0.017543859649122806,0.08888888888888889,0.2857142857142857
0.06652763295099061,0.08528662751416247,0.3815789473684211,0.20659340659340658,0.029411764705882353,0.017543859649122806,0.08888888888888889,0.14285714285714285
0.06715328467153285,0.010784262772205186,0.5230263157894737,0.13626373626373625,0.0,0.47368421052631576,0.6222222222222222,0.42857142857142855
0.044004171011470285,0.03578296346343745,1.0,0.26153846153846155,0.0,0.8947368421052632,1.0,0.5714285714285714
0.008759124087591242,0.042539369055662385,0.7828947368421053,0.4989010989010989,0.0,0.5614035087719298,0.7111111111111111,0.42857142857142855
0.035453597497393116,0.030871576321397018,0.19407894736842105,0.5494505494505495,0.029411764705882353,0.12280701754385964,0.1111111111111111,0.14285714285714285
0.004588112617309697,0.040616392079413755,0.20723684210526316,0.5494505494505495,0.029411764705882353,0.12280701754385964,0.1111111111111111,0.14285714285714285
0.023983315954118872,0.022711917260017672,0.2631578947368421,0.23076923076923078,0.0,0.017543859649122806,0.4222222222222222,0.42857142857142855
0.17205422314911367,0.02429707395665506,0.19078947368421054,0.22637362637362637,0.0,0.017543859649122806,0.4222222222222222,0.42857142857142855
0.023149113660062566,0.002390728132633439,0.009868421052631578,0.017582417582417582,0.0,0.0,0.022222222222222223,0.14285714285714285
0.1453597497393118,0.008107686710669923,0.3355263157894737,0.20659340659340658,0.0,0.017543859649122806,0.26666666666666666,0.2857142857142857
0.054223149113660066,0.012577308871680267,0.39144736842105265,0.14945054945054945,0.0,0.017543859649122806,0.26666666666666666,0.2857142857142857
0.029197080291970802,0.003638064549659581,0.09210526315789473,0.06593406593406594,0.0,0.017543859649122806,0.022222222222222223,0.14285714285714285
0.004171011470281543,0.007328101450028585,0.125,0.07252747252747253,0.0,0.017543859649122806,0.022222222222222223,0.14285714285714285
0.06506777893639208,0.022945792838210074,0.18421052631578946,0.27472527472527475,0.0,0.017543859649122806,0.022222222222222223,0.2857142857142857
0.002502606882168926,0.028039083207733486,0.18421052631578946,0.2879120879120879,0.0,0.017543859649122806,0.022222222222222223,0.2857142857142857
0.027320125130344108,0.020555064705576633,0.19736842105263158,0.3010989010989011,0.0,0.017543859649122806,0.022222222222222223,0.2857142857142857
0.02440041710114703,0.017176861909464165,0.21710526315789475,0.3054945054945055,0.0,0.017543859649122806,0.022222222222222223,0.2857142857142857
0.00020855057351407716,0.0048334286159763,0.02631578947368421,0.024175824175824177,0.0,0.0,0.022222222222222223,0.14285714285714285
0.00959332638164755,0.0048334286159763,0.029605263157894735,0.024175824175824177,0.0,0.0,0.022222222222222223,0.14285714285714285
0.2867570385818561,0.07359284860454238,0.8223684210526315,0.3230769230769231,0.029411764705882353,0.03508771929824561,0.4222222222222222,0.14285714285714285
0.0502606882168926,0.07437243386518372,0.8289473684210527,0.3274725274725275,0.029411764705882353,0.03508771929824561,0.4222222222222222,0.14285714285714285
0.09989572471324296,0.08788524504963359,0.8355263157894737,0.34285714285714286,0.029411764705882353,0.017543859649122806,0.4444444444444444,0.14285714285714285
0.0,0.08837898238137311,0.805921052631579,0.34065934065934067,0.029411764705882353,0.017543859649122806,0.4444444444444444,0.14285714285714285
0.05338894681960375,0.07112416194584481,0.3519736842105263,0.3098901098901099,0.029411764705882353,0.03508771929824561,0.044444444444444446,0.14285714285714285
0.028362877997914496,0.07190374720648615,0.3717105263157895,0.3142857142857143,0.029411764705882353,0.03508771929824561,0.044444444444444446,0.14285714285714285
0.0721584984358707,0.08541655839093602,0.375,0.32967032967032966,0.029411764705882353,0.017543859649122806,0.06666666666666667,0.14285714285714285
0.025443169968717413,0.08630008835299621,0.35855263157894735,0.3274725274725275,0.029411764705882353,0.017543859649122806,0.06666666666666667,0.14285714285714285
0.06381647549530761,0.040512447377994906,0.27960526315789475,0.3010989010989011,0.0,0.03508771929824561,0.24444444444444444,0.5714285714285714
0.003962460896767466,0.011511875682137103,0.20065789473684212,0.12087912087912088,0.0,0.017543859649122806,0.15555555555555556,0.14285714285714285
0.08571428571428572,0.04407255340159035,0.1875,0.6945054945054945,0.0,0.12280701754385964,0.044444444444444446,0.2857142857142857
0.059854014598540145,0.05924847980874175,0.23026315789473684,0.5032967032967033,0.029411764705882353,0.017543859649122806,0.044444444444444446,0.2857142857142857
0.04504692387904067,0.0007276129099319163,0.10526315789473684,0.02857142857142857,0.0,0.19298245614035087,0.06666666666666667,0.0
0.14911366006256518,0.007925783483186944,0.003289473684210526,0.006593406593406593,0.0,0.0,0.0,0.0
0.37393117831074035,0.04425445662907333,0.05263157894736842,0.36043956043956044,0.029411764705882353,0.15789473684210525,0.0,0.2857142857142857
0.40750782064650676,0.0054570968244893716,0.029605263157894735,0.06373626373626373,0.0,0.017543859649122806,0.022222222222222223,0.2857142857142857
0.08633993743482794,0.0054570968244893716,0.029605263157894735,0.06373626373626373,0.0,0.017543859649122806,0.022222222222222223,0.2857142857142857
0.08529718456725756,0.009718829582662025,0.049342105263157895,0.0967032967032967,0.0,0.017543859649122806,0.044444444444444446,0.2857142857142857
0.02565172054223149,0.006288654435840133,0.05592105263157895,0.07032967032967033,0.0,0.19298245614035087,0.022222222222222223,0.2857142857142857
0.07340980187695516,0.020788940283769035,0.16776315789473684,0.15384615384615385,0.029411764705882353,0.08771929824561403,0.044444444444444446,0.2857142857142857
0.07069864442127216,0.020788940283769035,0.15460526315789475,0.16043956043956045,0.029411764705882353,0.08771929824561403,0.044444444444444446,0.2857142857142857
0.0913451511991658,0.018346239800426174,0.15789473684210525,0.13846153846153847,0.029411764705882353,0.07017543859649122,0.044444444444444446,0.2857142857142857
0.013138686131386862,0.018580115378618575,0.17763157894736842,0.15604395604395604,0.029411764705882353,0.05263157894736842,0.022222222222222223,0.2857142857142857
0.002502606882168926,0.018580115378618575,0.21052631578947367,0.15604395604395604,0.029411764705882353,0.05263157894736842,0.022222222222222223,0.2857142857142857
0.010010427528675704,0.01624135959669456,0.45394736842105265,0.18021978021978022,0.029411764705882353,0.10526315789473684,0.022222222222222223,0.14285714285714285
0.020437956204379562,0.028610779065537134,0.46381578947368424,0.18681318681318682,0.029411764705882353,0.07017543859649122,0.022222222222222223,0.14285714285714285
0.03315954118873827,0.17961644405176447,0.09210526315789473,0.14725274725274726,0.0,0.03508771929824561,0.022222222222222223,0.14285714285714285
0.1897810218978102,0.06678447066160803,0.4375,0.22637362637362637,0.0,0.017543859649122806,0.044444444444444446,0.42857142857142855
0.030448383733055265,0.019749493269580583,0.023026315789473683,0.02857142857142857,0.0,0.0,0.0,0.0
0.012095933263816475,0.001948963151603347,0.04276315789473684,0.03296703296703297,0.0,0.0,0.0,0.14285714285714285
0.021063607924921793,0.008081700535315213,0.04276315789473684,0.041758241758241756,0.0,0.0,0.0,0.14285714285714285
0.03795620437956204,0.02850683436411829,0.29605263157894735,0.45494505494505494,0.0,0.08771929824561403,0.044444444444444446,0.2857142857142857
0.030448383733055265,0.025076659217296397,0.09868421052631579,0.25934065934065936,0.0,0.10526315789473684,0.06666666666666667,0.14285714285714285
0.019603753910323252,0.0271555532456733,0.10197368421052631,0.2153846153846154,0.0,0.017543859649122806,0.06666666666666667,0.14285714285714285
0.0264859228362878,0.027415414999220414,0.1118421052631579,0.2571428571428571,0.0,0.017543859649122806,0.06666666666666667,0.14285714285714285
0.016475495307612095,0.016735096928434074,0.11513157894736842,0.24615384615384617,0.0,0.017543859649122806,0.06666666666666667,0.14285714285714285
0.17017726798748697,0.09188711605425913,0.2894736842105263,0.2571428571428571,0.0,0.017543859649122806,0.022222222222222223,0.42857142857142855
0.09843587069864441,0.09063977963723299,0.29605263157894735,0.2703296703296703,0.0,0.017543859649122806,0.022222222222222223,0.42857142857142855
0.0840458811261731,0.0908996413907801,0.2993421052631579,0.27692307692307694,0.0,0.017543859649122806,0.022222222222222223,0.2857142857142857
0.06965589155370178,0.0908996413907801,0.3026315789473684,0.25934065934065936,0.0,0.017543859649122806,0.022222222222222223,0.2857142857142857
0.021689259645464025,0.00722415674860974,0.1611842105263158,0.02197802197802198,0.0,0.017543859649122806,0.4222222222222222,0.14285714285714285
0.0022940563086548487,0.0,0.009868421052631578,0.0,0.0,0.0,0.022222222222222223,0.0
0.007924921793534932,0.0034301751468218907,0.023026315789473683,0.01978021978021978,0.0,0.017543859649122806,0.022222222222222223,0.14285714285714285
0.007090719499478624,0.0034301751468218907,0.023026315789473683,0.02197802197802198,0.0,0.017543859649122806,0.022222222222222223,0.14285714285714285
0.0010427528675703858,0.0011953640663167195,0.006578947368421052,0.0,0.0,0.0,0.022222222222222223,0.0
0.00583941605839416,0.0,0.009868421052631578,0.0,0.0,0.0,0.022222222222222223,0.0
0.0010427528675703858,0.0,0.003289473684210526,0.0,0.0,0.0,0.022222222222222223,0.0
0.0031282586027111575,0.0,0.006578947368421052,0.0,0.0,0.0,0.022222222222222223,0.0
0.005213764337851929,0.0012993087677355647,0.006578947368421052,0.0,0.0,0.0,0.022222222222222223,0.0
0.005630865484880084,0.0012993087677355647,0.006578947368421052,0.0,0.0,0.0,0.022222222222222223,0.0
0.0006256517205422315,0.0,0.006578947368421052,0.0,0.0,0.0,0.022222222222222223,0.0
0.00020855057351407716,0.0012993087677355647,0.013157894736842105,0.0,0.0,0.0,0.022222222222222223,0.0
0.0018769551616266945,0.0012993087677355647,0.013157894736842105,0.0,0.0,0.0,0.022222222222222223,0.0
0.03691345151199166,0.006522530014032535,0.3059210526315789,0.14285714285714285,0.0,0.017543859649122806,0.044444444444444446,0.14285714285714285
0.023149113660062566,0.004079829530689673,0.13815789473684212,0.10989010989010989,0.0,0.017543859649122806,0.022222222222222223,0.14285714285714285
0.021689259645464025,0.005898861805519464,0.16776315789473684,0.11208791208791209,0.0,0.017543859649122806,0.022222222222222223,0.14285714285714285
0.004379562043795621,0.0,0.006578947368421052,0.0,0.0,0.0,0.0,0.0
0.0010427528675703858,0.0,0.003289473684210526,0.0,0.0,0.0,0.0,0.0
0.0016684045881126173,0.0,0.003289473684210526,0.004395604395604396,0.0,0.0,0.0,0.0
0.0010427528675703858,0.0,0.023026315789473683,0.013186813186813187,0.0,0.0,0.022222222222222223,0.0
0.0004171011470281543,0.0,0.006578947368421052,0.0,0.0,0.0,0.0,0.0
0.00145985401459854,0.0,0.006578947368421052,0.0,0.0,0.0,0.0,0.0
0.00145985401459854,0.0,0.009868421052631578,0.0,0.0,0.0,0.0,0.0
0.0010427528675703858,0.0,0.003289473684210526,0.0,0.0,0.0,0.0,0.0
0.0006256517205422315,0.0,0.0,0.0,0.0,0.0,0.0,0.0
0.0,0.0,0.0,0.0,0.0,0.0,0.0,0.0
0.00145985401459854,0.0,0.009868421052631578,0.0,0.0,0.0,0.0,0.0
0.0006256517205422315,0.0,0.006578947368421052,0.0,0.0,0.0,0.022222222222222223,0.0
0.0004171011470281543,0.0,0.006578947368421052,0.0,0.0,0.0,0.0,0.0
0.00020855057351407716,0.0,0.006578947368421052,0.0,0.0,0.0,0.0,0.0
0.0010427528675703858,0.0,0.013157894736842105,0.002197802197802198,0.0,0.017543859649122806,0.022222222222222223,0.0
0.01835245046923879,0.0018190322748297906,0.7302631578947368,0.13406593406593406,0.0,0.017543859649122806,0.4666666666666667,0.42857142857142855
0.03232533889468196,0.0018190322748297906,0.10526315789473684,0.1054945054945055,0.0,0.017543859649122806,0.044444444444444446,0.14285714285714285
0.010636079249217936,0.0018190322748297906,0.1118421052631579,0.1054945054945055,0.0,0.017543859649122806,0.022222222222222223,0.14285714285714285
0.0,0.0,0.019736842105263157,0.0,0.0,0.0,0.022222222222222223,0.0
0.004171011470281543,0.0,0.03618421052631579,0.004395604395604396,0.0,0.0,0.022222222222222223,0.0
0.004379562043795621,0.0,0.039473684210526314,0.002197802197802198,0.0,0.0,0.022222222222222223,0.0
0.0,0.0,0.023026315789473683,0.0,0.0,0.0,0.022222222222222223,0.0
0.0006256517205422315,0.0,0.0625,0.004395604395604396,0.0,0.0,0.022222222222222223,0.0
0.0018769551616266945,0.0,0.06578947368421052,0.004395604395604396,0.0,0.0,0.022222222222222223,0.0
0.0020855057351407717,0.0,0.04276315789473684,0.006593406593406593,0.0,0.0,0.022222222222222223,0.14285714285714285
0.006047966631908238,0.0,0.013157894736842105,0.0,0.0,0.0,0.0,0.0
0.0010427528675703858,0.0,0.006578947368421052,0.0,0.0,0.0,0.022222222222222223,0.0
0.002711157455683003,0.0,0.006578947368421052,0.0,0.0,0.0,0.022222222222222223,0.0
0.002711157455683003,0.0005197235070942259,0.0,0.0,0.0,0.0,0.0,0.0
0.0,0.0,0.013157894736842105,0.0,0.0,0.0,0.022222222222222223,0.0
0.00020855057351407716,0.0,0.0,0.0,0.0,0.0,0.022222222222222223,0.0
0.00020855057351407716,0.0,0.01644736842105263,0.0,0.0,0.0,0.0,0.0
0.1753910323253389,0.014032534691544099,0.5822368421052632,0.13186813186813187,0.0,0.017543859649122806,0.022222222222222223,0.7142857142857143
0.043795620437956206,0.014032534691544099,0.5953947368421053,0.13186813186813187,0.0,0.017543859649122806,0.022222222222222223,0.7142857142857143
0.004171011470281543,0.0,0.01644736842105263,0.0,0.0,0.0,0.0,0.0
0.018769551616266946,0.004287718933527363,0.013157894736842105,0.002197802197802198,0.0,0.0,0.0,0.0
0.004796663190823775,0.004287718933527363,0.013157894736842105,0.002197802197802198,0.0,0.0,0.0,0.0
0.02961418143899896,0.005067304194168702,0.023026315789473683,0.02857142857142857,0.0,0.0,0.0,0.14285714285714285
0.015015641293013556,0.005067304194168702,0.023026315789473683,0.026373626373626374,0.0,0.0,0.0,0.14285714285714285
0.0022940563086548487,0.0,0.01644736842105263,0.002197802197802198,0.0,0.0,0.0,0.14285714285714285
0.07507820646506778,0.004157788056753807,0.0625,0.054945054945054944,0.0,0.017543859649122806,0.022222222222222223,0.14285714285714285
0.03795620437956204,0.004157788056753807,0.06578947368421052,0.05714285714285714,0.0,0.017543859649122806,0.022222222222222223,0.14285714285714285
0.02002085505735141,0.0,0.01644736842105263,0.002197802197802198,0.0,0.0,0.0,0.0
0.017518248175182483,0.0,0.01644736842105263,0.002197802197802198,0.0,0.0,0.0,0.0
0.008967674661105318,0.0005197235070942259,0.01644736842105263,0.0,0.0,0.0,0.0,0.0
0.008967674661105318,0.0,0.06907894736842106,0.02197802197802198,0.0,0.0,0.0,0.14285714285714285
0.004171011470281543,0.0,0.023026315789473683,0.0,0.0,0.0,0.0,0.0
0.003753910323253389,0.0,0.023026315789473683,0.0,0.0,0.0,0.0,0.0
0.002502606882168926,0.0,0.03289473684210526,0.006593406593406593,0.0,0.0,0.0,0.0
0.005630865484880084,0.0,0.03618421052631579,0.006593406593406593,0.0,0.0,0.0,0.0
0.0006256517205422315,0.0,0.023026315789473683,0.0,0.0,0.0,0.0,0.0
0.0033368091762252345,0.0,0.013157894736842105,0.0,0.0,0.0,0.0,0.0
0.004379562043795621,0.0,0.013157894736842105,0.0,0.0,0.0,0.0,0.0
0.0006256517205422315,0.0,0.006578947368421052,0.0,0.0,0.0,0.0,0.0
0.0004171011470281543,0.0,0.006578947368421052,0.0,0.0,0.0,0.0,0.0
0.00291970802919708,0.0,0.03289473684210526,0.008791208791208791,0.0,0.0,0.0,0.14285714285714285
0.0010427528675703858,0.0,0.01644736842105263,0.0,0.0,0.0,0.0,0.0
0.0020855057351407717,0.0,0.023026315789473683,0.0,0.0,0.0,0.0,0.0
0.0010427528675703858,0.0,0.0,0.0,0.0,0.0,0.0,0.0
0.0064650677789363925,0.0,0.01644736842105263,0.002197802197802198,0.0,0.0,0.0,0.0
0.0006256517205422315,0.0,0.01644736842105263,0.002197802197802198,0.0,0.0,0.0,0.0
0.0,0.0,0.003289473684210526,0.0,0.0,0.0,0.0,0.0
0.0004171011470281543,0.0,0.009868421052631578,0.0,0.0,0.0,0.0,0.0
0.0016684045881126173,0.0,0.006578947368421052,0.0,0.0,0.0,0.0,0.0
0.00020855057351407716,0.0,0.0,0.0,0.0,0.0,0.0,0.0
0.0004171011470281543,0.0,0.003289473684210526,0.0,0.0,0.0,0.022222222222222223,0.0
0.00020855057351407716,0.0,0.006578947368421052,0.0,0.0,0.0,0.022222222222222223,0.0
0.0008342022940563086,0.0,0.006578947368421052,0.0,0.0,0.0,0.022222222222222223,0.0
0.0006256517205422315,0.0,0.003289473684210526,0.0,0.0,0.0,0.022222222222222223,0.0
0.0,0.0,0.0,0.0,0.0,0.0,0.0,0.0
0.0008342022940563086,0.001948963151603347,0.05921052631578947,0.03076923076923077,0.0,0.017543859649122806,0.044444444444444446,0.14285714285714285
0.00020855057351407716,0.0,0.006578947368421052,0.0,0.0,0.0,0.0,0.0
0.0018769551616266945,0.0,0.006578947368421052,0.0,0.0,0.0,0.0,0.0
0.0,0.0,0.003289473684210526,0.0,0.0,0.0,0.0,0.0
0.00020855057351407716,0.0,0.006578947368421052,0.0,0.0,0.0,0.022222222222222223,0.0
0.011470281543274244,0.009588898705888468,0.02631578947368421,0.054945054945054944,0.0,0.017543859649122806,0.044444444444444446,0.14285714285714285
0.022106360792492178,0.009588898705888468,0.02631578947368421,0.05714285714285714,0.0,0.017543859649122806,0.044444444444444446,0.14285714285714285
0.0020855057351407717,0.0,0.009868421052631578,0.0,0.0,0.0,0.022222222222222223,0.0
0.0006256517205422315,0.0,0.013157894736842105,0.004395604395604396,0.0,0.0,0.022222222222222223,0.0
0.007924921793534932,0.0013512811184449873,0.03289473684210526,0.03736263736263736,0.0,0.017543859649122806,0.044444444444444446,0.14285714285714285
0.0020855057351407717,0.0010394470141884518,0.03289473684210526,0.02197802197802198,0.0,0.017543859649122806,0.044444444444444446,0.14285714285714285
0.003753910323253389,0.0,0.019736842105263157,0.002197802197802198,0.0,0.0,0.022222222222222223,0.0
0.00145985401459854,0.0,0.013157894736842105,0.0,0.0,0.0,0.022222222222222223,0.0
0.001251303441084463,0.0,0.009868421052631578,0.0,0.0,0.0,0.022222222222222223,0.0
0.0020855057351407717,0.0,0.003289473684210526,0.0,0.0,0.0,0.0,0.0
0.002502606882168926,0.0,0.009868421052631578,0.0,0.0,0.0,0.0,0.0
0.00020855057351407716,0.0,0.003289473684210526,0.0,0.0,0.0,0.0,0.0
0.010636079249217936,0.0,0.029605263157894735,0.06813186813186813,0.0,0.017543859649122806,0.022222222222222223,0.14285714285714285
0.0,0.003118341042565355,0.08881578947368421,0.017582417582417582,0.0,0.017543859649122806,0.022222222222222223,0.14285714285714285
0.0022940563086548487,0.0012993087677355647,0.039473684210526314,0.015384615384615385,0.0,0.017543859649122806,0.022222222222222223,0.14285714285714285
0.0004171011470281543,0.0,0.003289473684210526,0.0,0.0,0.0,0.022222222222222223,0.0
0.0,0.0,0.003289473684210526,0.0,0.0,0.0,0.022222222222222223,0.0
0.0016684045881126173,0.0,0.009868421052631578,0.0,0.0,0.0,0.022222222222222223,0.0
0.0018769551616266945,0.0,0.006578947368421052,0.0,0.0,0.0,0.022222222222222223,0.0
0.001251303441084463,0.00020788940283769034,0.006578947368421052,0.0,0.0,0.0,0.022222222222222223,0.0
0.003962460896767466,0.0,0.003289473684210526,0.004395604395604396,0.0,0.0,0.022222222222222223,0.0
0.008759124087591242,0.0012993087677355647,0.019736842105263157,0.002197802197802198,0.0,0.0,0.022222222222222223,0.0
0.001251303441084463,0.0012993087677355647,0.019736842105263157,0.002197802197802198,0.0,0.0,0.022222222222222223,0.0
0.0022940563086548487,0.0,0.013157894736842105,0.0,0.0,0.0,0.022222222222222223,0.0
0.002711157455683003,0.0005197235070942259,0.029605263157894735,0.0,0.0,0.0,0.022222222222222223,0.0
0.0010427528675703858,0.0,0.019736842105263157,0.0,0.0,0.0,0.022222222222222223,0.0
0.0010427528675703858,0.0,0.019736842105263157,0.0,0.0,0.0,0.022222222222222223,0.0
0.0,0.0,0.01644736842105263,0.0,0.0,0.0,0.022222222222222223,0.0
0.0022940563086548487,0.0010394470141884518,0.023026315789473683,0.0,0.0,0.0,0.022222222222222223,0.0
0.00020855057351407716,0.0,0.003289473684210526,0.0,0.0,0.0,0.0,0.0
0.0004171011470281543,0.0,0.006578947368421052,0.0,0.0,0.0,0.022222222222222223,0.0
0.0004171011470281543,0.0010394470141884518,0.006578947368421052,0.004395604395604396,0.0,0.0,0.022222222222222223,0.0
0.00020855057351407716,0.0010394470141884518,0.006578947368421052,0.006593406593406593,0.0,0.0,0.022222222222222223,0.0
0.0,0.0,0.003289473684210526,0.0,0.0,0.0,0.022222222222222223,0.0
0.008342022940563087,0.0,0.013157894736842105,0.004395604395604396,0.0,0.0,0.022222222222222223,0.0
0.007716371220020855,0.0,0.013157894736842105,0.002197802197802198,0.0,0.0,0.022222222222222223,0.0
0.0008342022940563086,0.0,0.0,0.0,0.0,0.0,0.0,0.0
0.0008342022940563086,0.0,0.023026315789473683,0.0,0.0,0.0,0.0,0.0
0.0004171011470281543,0.0,0.019736842105263157,0.002197802197802198,0.0,0.0,0.0,0.0
0.0016684045881126173,0.0,0.009868421052631578,0.0,0.0,0.0,0.0,0.0
0.0,0.0010394470141884518,0.05921052631578947,0.02857142857142857,0.0,0.017543859649122806,0.022222222222222223,0.14285714285714285
0.00145985401459854,0.0010394470141884518,0.06578947368421052,0.02857142857142857,0.0,0.017543859649122806,0.022222222222222223,0.14285714285714285
0.00020855057351407716,0.0,0.003289473684210526,0.0,0.0,0.0,0.0,0.0
0.0033368091762252345,0.010498414843303362,0.125,0.2175824175824176,0.0,0.017543859649122806,0.022222222222222223,0.14285714285714285
0.0004171011470281543,0.0,0.003289473684210526,0.0,0.0,0.0,0.0,0.0
0.0010427528675703858,0.0,0.0,0.0,0.0,0.0,0.0,0.0
0.00145985401459854,0.0,0.006578947368421052,0.0,0.0,0.0,0.0,0.0
0.0008342022940563086,0.0,0.009868421052631578,0.002197802197802198,0.0,0.0,0.0,0.0
0.027320125130344108,0.007354087625383296,0.2236842105263158,0.06813186813186813,0.0,0.017543859649122806,0.35555555555555557,0.14285714285714285
0.021272158498435872,0.005379138298425238,0.05921052631578947,0.054945054945054944,0.0,0.017543859649122806,0.044444444444444446,0.14285714285714285
0.002502606882168926,0.0,0.013157894736842105,0.002197802197802198,0.0,0.0,0.022222222222222223,0.0
0.0006256517205422315,0.0,0.013157894736842105,0.0,0.0,0.0,0.022222222222222223,0.0
0.0020855057351407717,0.0,0.01644736842105263,0.0,0.0,0.0,0.022222222222222223,0.0
0.0006256517205422315,0.0,0.013157894736842105,0.0,0.0,0.0,0.022222222222222223,0.0
0.0006256517205422315,0.0,0.013157894736842105,0.0,0.0,0.0,0.022222222222222223,0.0
0.0018769551616266945,0.0019749493269580584,0.013157894736842105,0.0,0.0,0.0,0.022222222222222223,0.0
0.009176225234619395,0.03217088508913258,0.375,0.378021978021978,0.029411764705882353,0.017543859649122806,0.08888888888888889,0.2857142857142857
0.01897810218978102,0.03489943350137727,0.3782894736842105,0.4087912087912088,0.029411764705882353,0.017543859649122806,0.08888888888888889,0.2857142857142857
0.02002085505735141,0.007587963203575698,0.12171052631578948,0.05714285714285714,0.0,0.24561403508771928,0.37777777777777777,0.14285714285714285
0.08029197080291971,0.007587963203575698,0.12171052631578948,0.05934065934065934,0.0,0.03508771929824561,0.35555555555555557,0.14285714285714285
0.04296141814389989,0.00722415674860974,0.12171052631578948,0.05934065934065934,0.0,0.03508771929824561,0.35555555555555557,0.14285714285714285
0.20938477580813347,0.06145730471389221,0.4967105263157895,0.5340659340659341,0.0,0.017543859649122806,0.13333333333333333,0.42857142857142855
0.2302398331595412,0.06275661348162777,0.4967105263157895,0.6329670329670329,0.0,0.03508771929824561,0.06666666666666667,0.42857142857142855
0.0004171011470281543,0.02224416610363287,0.08881578947368421,0.26373626373626374,0.029411764705882353,0.3333333333333333,0.2,0.2857142857142857
0.0456725755995829,0.029052544046567225,0.09539473684210527,0.26593406593406593,0.029411764705882353,0.3333333333333333,0.13333333333333333,0.2857142857142857
0.0264859228362878,0.026194064757548985,0.10526315789473684,0.25934065934065936,0.029411764705882353,0.03508771929824561,0.13333333333333333,0.42857142857142855
0.006673618352450469,0.017904474819396082,0.06578947368421052,0.22197802197802197,0.029411764705882353,0.03508771929824561,0.044444444444444446,0.2857142857142857
0.21793534932221065,0.030169949586819813,0.12171052631578948,0.16043956043956045,0.029411764705882353,0.08771929824561403,0.08888888888888889,0.2857142857142857
0.21584984358706985,0.030169949586819813,0.14802631578947367,0.12967032967032968,0.029411764705882353,0.07017543859649122,0.06666666666666667,0.2857142857142857
0.11220020855057351,0.02224416610363287,0.12828947368421054,0.12527472527472527,0.029411764705882353,0.017543859649122806,0.15555555555555556,0.2857142857142857
0.17309697601668406,0.022815861961436517,0.12171052631578948,0.11428571428571428,0.029411764705882353,0.017543859649122806,0.15555555555555556,0.2857142857142857
0.06798748696558915,0.017904474819396082,0.125,0.13186813186813187,0.029411764705882353,0.017543859649122806,0.15555555555555556,0.2857142857142857
0.3005213764337852,0.007691907904994543,0.12828947368421054,0.13406593406593406,0.029411764705882353,0.017543859649122806,0.15555555555555556,0.2857142857142857
0.20250260688216892,0.05961228626370771,0.14802631578947367,0.1912087912087912,0.029411764705882353,0.07017543859649122,0.08888888888888889,0.14285714285714285
0.2809176225234619,0.05961228626370771,0.14802631578947367,0.2021978021978022,0.029411764705882353,0.07017543859649122,0.08888888888888889,0.14285714285714285
0.1789363920750782,0.0669403877137363,0.14802631578947367,0.18461538461538463,0.029411764705882353,0.07017543859649122,0.08888888888888889,0.14285714285714285
0.2558915537017727,0.0669403877137363,0.15460526315789475,0.20659340659340658,0.029411764705882353,0.07017543859649122,0.08888888888888889,0.14285714285714285
0.16371220020855057,0.06538121719245361,0.16447368421052633,0.1934065934065934,0.029411764705882353,0.05263157894736842,0.022222222222222223,0.14285714285714285
0.17455683003128258,0.1012421391819552,0.07894736842105263,0.13406593406593406,0.08823529411764706,0.07017543859649122,0.1111111111111111,0.14285714285714285
0.21710114702815433,0.1012421391819552,0.07894736842105263,0.13406593406593406,0.08823529411764706,0.07017543859649122,0.1111111111111111,0.14285714285714285
0.17851929092805005,0.1012421391819552,0.07894736842105263,0.13406593406593406,0.08823529411764706,0.07017543859649122,0.1111111111111111,0.14285714285714285
0.15662148070907195,0.12221298269320721,0.07894736842105263,0.13846153846153847,0.058823529411764705,0.07017543859649122,0.06666666666666667,0.14285714285714285
0.10698644421272159,0.10277532352788317,0.07894736842105263,0.15824175824175823,0.08823529411764706,0.07017543859649122,0.06666666666666667,0.14285714285714285
0.1954118873826903,0.09887739722467648,0.07894736842105263,0.2087912087912088,0.08823529411764706,0.07017543859649122,0.06666666666666667,0.14285714285714285
0.3359749739311783,0.2862896938828543,0.1118421052631579,0.16043956043956045,0.058823529411764705,0.08771929824561403,0.022222222222222223,0.14285714285714285
0.20437956204379562,0.28007899797307834,0.1118421052631579,0.15824175824175823,0.058823529411764705,0.08771929824561403,0.044444444444444446,0.14285714285714285
0.18206465067778937,0.2372797671638688,0.1118421052631579,0.14945054945054945,0.058823529411764705,0.017543859649122806,0.044444444444444446,0.14285714285714285
0.20208550573514078,0.5082895899381529,0.12171052631578948,0.15824175824175823,0.058823529411764705,0.017543859649122806,0.06666666666666667,0.14285714285714285
0.12909280500521375,0.33103788784366717,0.12171052631578948,0.13626373626373625,0.058823529411764705,0.017543859649122806,0.06666666666666667,0.14285714285714285
0.09947862356621481,0.32547684631775897,0.12171052631578948,0.15824175824175823,0.058823529411764705,0.017543859649122806,0.06666666666666667,0.14285714285714285
0.01626694473409802,0.10456836962735824,0.13486842105263158,0.18461538461538463,0.029411764705882353,0.05263157894736842,0.26666666666666666,0.2857142857142857
0.0602711157455683,0.10202172444259654,0.13486842105263158,0.1824175824175824,0.029411764705882353,0.03508771929824561,0.17777777777777778,0.2857142857142857
0.00583941605839416,0.10202172444259654,0.13486842105263158,0.1824175824175824,0.029411764705882353,0.03508771929824561,0.17777777777777778,0.2857142857142857
0.021897810218978103,0.10202172444259654,0.14144736842105263,0.1824175824175824,0.029411764705882353,0.03508771929824561,0.17777777777777778,0.2857142857142857
0.29155370177267986,0.06527727249103477,0.19407894736842105,0.13846153846153847,0.029411764705882353,0.05263157894736842,0.022222222222222223,0.14285714285714285
0.010636079249217936,0.06561509277064602,0.19407894736842105,0.13846153846153847,0.029411764705882353,0.05263157894736842,0.022222222222222223,0.14285714285714285
0.23128258602711158,0.06862948911179252,0.19407894736842105,0.10329670329670329,0.029411764705882353,0.05263157894736842,0.022222222222222223,0.14285714285714285
0.16600625651720544,0.04721688061951042,0.21052631578947367,0.22857142857142856,0.029411764705882353,0.12280701754385964,0.022222222222222223,0.2857142857142857
0.40750782064650676,0.05002338755781924,0.20394736842105263,0.22857142857142856,0.029411764705882353,0.10526315789473684,0.06666666666666667,0.2857142857142857
0.0821689259645464,0.05002338755781924,0.20394736842105263,0.22637362637362637,0.029411764705882353,0.10526315789473684,0.06666666666666667,0.2857142857142857
0.4746611053180396,0.05399927238709007,0.20394736842105263,0.23296703296703297,0.029411764705882353,0.10526315789473684,0.06666666666666667,0.2857142857142857
0.20771637122002085,0.05399927238709007,0.20394736842105263,0.23296703296703297,0.029411764705882353,0.10526315789473684,0.06666666666666667,0.2857142857142857
0.11720542231491136,0.05758536458604022,0.20394736842105263,0.17582417582417584,0.029411764705882353,0.10526315789473684,0.1111111111111111,0.2857142857142857
0.22523461939520334,0.048334286159763006,0.14473684210526316,0.2087912087912088,0.029411764705882353,0.03508771929824561,0.022222222222222223,0.2857142857142857
0.16996871741397288,0.05311574242502989,0.17763157894736842,0.25054945054945055,0.029411764705882353,0.017543859649122806,0.08888888888888889,0.2857142857142857
0.16684045881126172,0.06000207889402838,0.17763157894736842,0.25054945054945055,0.029411764705882353,0.017543859649122806,0.08888888888888889,0.2857142857142857
0.2348279457768509,0.03723818928330128,0.28618421052631576,0.18461538461538463,0.029411764705882353,0.017543859649122806,0.044444444444444446,0.14285714285714285
0.08425443169968717,0.0395769450652253,0.2894736842105263,0.20659340659340658,0.029411764705882353,0.017543859649122806,0.044444444444444446,0.14285714285714285
0.18957247132429614,0.04020061327373837,0.2894736842105263,0.21318681318681318,0.029411764705882353,0.017543859649122806,0.08888888888888889,0.14285714285714285
0.2273201251303441,0.0538433553349618,0.1875,0.17362637362637362,0.058823529411764705,0.03508771929824561,0.06666666666666667,0.14285714285714285
0.19749739311783107,0.1095317291201081,0.1875,0.189010989010989,0.058823529411764705,0.03508771929824561,0.06666666666666667,0.14285714285714285
0.03441084462982273,0.10293124058001143,0.19407894736842105,0.18681318681318682,0.058823529411764705,0.03508771929824561,0.06666666666666667,0.14285714285714285
0.0767466110531804,0.10316511615820384,0.20065789473684212,0.21318681318681318,0.058823529411764705,0.017543859649122806,0.06666666666666667,0.14285714285714285
0.026277372262773723,0.10711501481211995,0.20065789473684212,0.2153846153846154,0.058823529411764705,0.017543859649122806,0.06666666666666667,0.2857142857142857
0.15203336809176224,0.07328101450028585,0.23026315789473684,0.17142857142857143,0.058823529411764705,0.017543859649122806,0.06666666666666667,0.2857142857142857
0.34556830031282587,0.09009406995478406,0.09539473684210527,0.16923076923076924,0.029411764705882353,0.03508771929824561,0.1111111111111111,0.14285714285714285
0.38394160583941606,0.09009406995478406,0.09539473684210527,0.15164835164835164,0.029411764705882353,0.03508771929824561,0.1111111111111111,0.14285714285714285
0.0767466110531804,0.09100358609219895,0.15460526315789475,0.15164835164835164,0.029411764705882353,0.03508771929824561,0.13333333333333333,0.14285714285714285
0.36850886339937433,0.0920430331063874,0.15460526315789475,0.18021978021978022,0.029411764705882353,0.03508771929824561,0.13333333333333333,0.14285714285714285
0.06173096976016684,0.0920430331063874,0.15789473684210525,0.18021978021978022,0.029411764705882353,0.017543859649122806,0.13333333333333333,0.14285714285714285
0.24629822732012513,0.0832856920118497,0.15789473684210525,0.2043956043956044,0.029411764705882353,0.017543859649122806,0.13333333333333333,0.14285714285714285
0.22043795620437956,0.030637700743204616,0.10526315789473684,0.1054945054945055,0.029411764705882353,0.07017543859649122,0.044444444444444446,0.2857142857142857
0.1478623566214807,0.031417286003845954,0.10526315789473684,0.11208791208791209,0.029411764705882353,0.07017543859649122,0.044444444444444446,0.2857142857142857
0.1505735140771637,0.04469622161010343,0.10526315789473684,0.0945054945054945,0.029411764705882353,0.07017543859649122,0.044444444444444446,0.2857142857142857
0.07549530761209593,0.40299360740086276,0.06578947368421052,0.1824175824175824,0.08823529411764706,0.12280701754385964,0.2,0.14285714285714285
0.27883211678832115,0.40299360740086276,0.06578947368421052,0.1956043956043956,0.08823529411764706,0.12280701754385964,0.2,0.14285714285714285
0.2809176225234619,0.45496595811028534,0.06578947368421052,0.1956043956043956,0.08823529411764706,0.12280701754385964,0.2,0.14285714285714285
0.20959332638164754,0.45496595811028534,0.06578947368421052,0.1956043956043956,0.08823529411764706,0.07017543859649122,0.2,0.14285714285714285
0.06548488008342022,0.45496595811028534,0.06578947368421052,0.1956043956043956,0.08823529411764706,0.07017543859649122,0.2,0.14285714285714285
0.10406673618352451,0.24842783639103996,0.07894736842105263,0.189010989010989,0.11764705882352941,0.08771929824561403,0.13333333333333333,0.42857142857142855
0.12075078206465067,0.28912218699651787,0.07894736842105263,0.15164835164835164,0.11764705882352941,0.08771929824561403,0.17777777777777778,0.42857142857142855
0.13284671532846715,0.28912218699651787,0.08223684210526316,0.15384615384615385,0.11764705882352941,0.08771929824561403,0.2,0.42857142857142855
0.039207507820646505,0.43869861233823604,0.08223684210526316,0.3252747252747253,0.11764705882352941,0.08771929824561403,0.2,0.42857142857142855
0.06944734098018769,0.5016371290473468,0.08223684210526316,0.4593406593406593,0.11764705882352941,0.08771929824561403,0.2,0.42857142857142855
0.20145985401459854,0.042929161685983055,0.08223684210526316,0.12967032967032968,0.029411764705882353,1.0,0.06666666666666667,0.14285714285714285
0.14681960375391032,0.05368743828283353,0.08881578947368421,0.14505494505494507,0.029411764705882353,0.03508771929824561,0.06666666666666667,0.14285714285714285
0.13514077163712201,0.05368743828283353,0.08881578947368421,0.14285714285714285,0.029411764705882353,0.03508771929824561,0.06666666666666667,0.14285714285714285
0.03128258602711158,0.09757808845694091,0.08881578947368421,0.14505494505494507,0.029411764705882353,0.03508771929824561,0.06666666666666667,0.14285714285714285
0.020229405630865484,0.05711761342965542,0.12828947368421054,0.14285714285714285,0.029411764705882353,0.03508771929824561,0.044444444444444446,0.14285714285714285
0.13722627737226278,0.05342757652928642,0.12828947368421054,0.15164835164835164,0.029411764705882353,0.03508771929824561,0.044444444444444446,0.14285714285714285
0.11949947862356622,0.21319058261005144,0.0625,0.16703296703296702,0.11764705882352941,0.07017543859649122,0.24444444444444444,0.2857142857142857
0.15036496350364964,0.21319058261005144,0.0625,0.16703296703296702,0.11764705882352941,0.07017543859649122,0.24444444444444444,0.2857142857142857
0.1386861313868613,0.21319058261005144,0.0625,0.16703296703296702,0.11764705882352941,0.07017543859649122,0.24444444444444444,0.2857142857142857
0.08070907194994786,0.2544826152486877,0.06578947368421052,0.17802197802197803,0.11764705882352941,0.07017543859649122,0.26666666666666666,0.2857142857142857
0.09217935349322211,0.2544826152486877,0.06578947368421052,0.17802197802197803,0.11764705882352941,0.03508771929824561,0.26666666666666666,0.2857142857142857
0.049009384775808136,0.31484850059768205,0.06907894736842106,0.27912087912087913,0.11764705882352941,0.03508771929824561,0.26666666666666666,0.2857142857142857
0.11803962460896768,0.34912426589054624,0.10197368421052631,0.34065934065934067,0.11764705882352941,0.08771929824561403,0.2222222222222222,0.42857142857142855
0.140563086548488,0.3679382568473572,0.10197368421052631,0.34725274725274724,0.11764705882352941,0.08771929824561403,0.2222222222222222,0.42857142857142855
0.15015641293013557,0.36157164388545293,0.14802631578947367,0.36923076923076925,0.11764705882352941,0.08771929824561403,0.2222222222222222,0.42857142857142855
0.12095933263816476,0.40642378254768463,0.1513157894736842,0.36923076923076925,0.11764705882352941,0.03508771929824561,0.2222222222222222,0.42857142857142855
0.08321167883211679,0.3760719297333818,0.1513157894736842,0.421978021978022,0.11764705882352941,0.03508771929824561,0.2222222222222222,0.42857142857142855
0.17184567257559957,0.472454654124006,0.1513157894736842,0.4153846153846154,0.11764705882352941,0.03508771929824561,0.2222222222222222,0.5714285714285714
0.23336809176225234,0.9387245985135908,0.125,0.5692307692307692,0.35294117647058826,0.14035087719298245,0.4666666666666667,0.2857142857142857
0.25151199165797705,1.0,0.125,0.5868131868131868,0.35294117647058826,0.14035087719298245,0.4666666666666667,0.2857142857142857
0.09635036496350365,0.8982641234863052,0.14473684210526316,0.5208791208791209,0.4411764705882353,0.14035087719298245,0.4666666666666667,0.2857142857142857
0.06173096976016684,0.8476950262460371,0.15460526315789475,0.4835164835164835,0.4411764705882353,0.14035087719298245,0.4666666666666667,0.2857142857142857
0.08696558915537017,0.9068135751780053,0.15460526315789475,0.5142857142857142,0.4411764705882353,0.14035087719298245,0.4666666666666667,0.2857142857142857
0.07987486965589155,0.7291720804531989,0.15460526315789475,0.3956043956043956,1.0,0.15789473684210525,0.4666666666666667,0.7142857142857143
0.026694473409801876,0.2682033158359753,0.1118421052631579,0.12527472527472527,0.058823529411764705,0.03508771929824561,0.2222222222222222,0.14285714285714285
0.022106360792492178,0.25869237565615094,0.11513157894736842,0.12747252747252746,0.058823529411764705,0.03508771929824561,0.2222222222222222,0.14285714285714285
0.017518248175182483,0.23416142612130347,0.11513157894736842,0.10329670329670329,0.058823529411764705,0.03508771929824561,0.2222222222222222,0.14285714285714285
0.02961418143899896,0.25094849540044695,0.1118421052631579,0.14065934065934066,0.058823529411764705,0.03508771929824561,0.2222222222222222,0.14285714285714285
0.18143899895724713,0.06701834623980042,0.18092105263157895,0.16923076923076924,0.11764705882352941,0.05263157894736842,0.2222222222222222,0.14285714285714285
0.11386861313868613,0.06701834623980042,0.18092105263157895,0.17802197802197803,0.11764705882352941,0.03508771929824561,0.2222222222222222,0.14285714285714285
0.03232533889468196,0.07255340159035394,0.18092105263157895,0.1978021978021978,0.11764705882352941,0.03508771929824561,0.2222222222222222,0.14285714285714285
0.0905109489051095,0.08939244322020685,0.18092105263157895,0.2175824175824176,0.08823529411764706,0.03508771929824561,0.2,0.14285714285714285
0.09092805005213764,0.08939244322020685,0.18092105263157895,0.22417582417582418,0.08823529411764706,0.03508771929824561,0.2,0.14285714285714285
0.2465067778936392,0.0519983368847773,0.18092105263157895,0.22417582417582418,0.029411764705882353,0.05263157894736842,0.022222222222222223,0.2857142857142857
0.21856100104275286,0.11161062314848501,0.21052631578947367,0.2571428571428571,0.029411764705882353,0.07017543859649122,0.2222222222222222,0.14285714285714285
0.25046923879040667,0.11161062314848501,0.21052631578947367,0.2571428571428571,0.029411764705882353,0.07017543859649122,0.2222222222222222,0.14285714285714285
0.1524504692387904,0.24419208980822202,0.22039473684210525,0.2571428571428571,0.029411764705882353,0.07017543859649122,0.2222222222222222,0.14285714285714285
0.148696558915537,0.12307052647991269,0.22697368421052633,0.26373626373626374,0.029411764705882353,0.07017543859649122,0.2222222222222222,0.14285714285714285
0.11407716371220021,0.21386622316927395,0.22697368421052633,0.35824175824175825,0.029411764705882353,0.07017543859649122,0.2222222222222222,0.14285714285714285
0.2273201251303441,0.1914141676628034,0.23026315789473684,0.5538461538461539,0.029411764705882353,0.07017543859649122,0.2222222222222222,0.14285714285714285
0.2421272158498436,0.0658229821734837,0.12828947368421054,0.16263736263736264,0.029411764705882353,0.07017543859649122,0.022222222222222223,0.14285714285714285
0.2848800834202294,0.0658229821734837,0.17763157894736842,0.14725274725274726,0.029411764705882353,0.07017543859649122,0.022222222222222223,0.14285714285714285
0.14827945776850887,0.07026661815913934,0.14144736842105263,0.16263736263736264,0.029411764705882353,0.07017543859649122,0.022222222222222223,0.14285714285714285
0.23190823774765382,0.07143599605010134,0.13815789473684212,0.14505494505494507,0.029411764705882353,0.017543859649122806,0.044444444444444446,0.14285714285714285
0.16100104275286756,0.07528195000259862,0.13815789473684212,0.1912087912087912,0.029411764705882353,0.017543859649122806,0.044444444444444446,0.14285714285714285
0.28633993743482794,0.059950106543318955,0.13815789473684212,0.2153846153846154,0.029411764705882353,0.017543859649122806,0.044444444444444446,0.14285714285714285
0.4894681960375391,0.07951769658541656,0.22697368421052633,0.43956043956043955,0.058823529411764705,0.2982456140350877,0.3111111111111111,0.42857142857142855
0.2538060479666319,0.140325346915441,0.25,0.4197802197802198,0.058823529411764705,0.2807017543859649,0.3111111111111111,0.42857142857142855
0.22064650677789363,0.1385063146406112,0.3157894736842105,0.432967032967033,0.058823529411764705,0.2807017543859649,0.28888888888888886,0.42857142857142855
0.18519290928050053,0.12112156332830934,0.32894736842105265,0.5010989010989011,0.058823529411764705,0.2807017543859649,0.24444444444444444,0.2857142857142857
0.1735140771637122,0.18712644872927603,0.8322368421052632,0.7714285714285715,0.058823529411764705,0.7719298245614035,0.8222222222222222,0.2857142857142857
0.04546402502606882,0.024816797463749287,0.11842105263157894,0.16043956043956045,0.058823529411764705,0.05263157894736842,0.044444444444444446,0.2857142857142857
0.03795620437956204,0.035211267605633804,0.11513157894736842,0.17802197802197803,0.058823529411764705,0.05263157894736842,0.044444444444444446,0.2857142857142857
0.02440041710114703,0.03349618003222286,0.13815789473684212,0.2725274725274725,0.058823529411764705,0.03508771929824561,0.022222222222222223,0.2857142857142857
0.07424400417101147,0.0782443739930357,0.11842105263157894,0.23296703296703297,0.029411764705882353,0.12280701754385964,0.08888888888888889,0.42857142857142855
0.08425443169968717,0.08403929109713633,0.05921052631578947,0.24395604395604395,0.029411764705882353,0.12280701754385964,0.08888888888888889,0.42857142857142855
0.029197080291970802,0.08403929109713633,0.12171052631578948,0.27472527472527475,0.029411764705882353,0.03508771929824561,0.1111111111111111,0.5714285714285714
0.08529718456725756,0.08403929109713633,0.13157894736842105,0.2813186813186813,0.029411764705882353,0.03508771929824561,0.1111111111111111,0.5714285714285714
0.08821689259645464,0.05379138298425238,0.28618421052631576,0.29010989010989013,0.029411764705882353,0.3157894736842105,0.3111111111111111,0.42857142857142855
0.0721584984358707,0.06501741073748765,0.28618421052631576,0.3032967032967033,0.029411764705882353,0.22807017543859648,0.28888888888888886,0.42857142857142855
0.04150156412930136,0.07348890390312354,0.3782894736842105,0.45494505494505494,0.029411764705882353,0.017543859649122806,0.06666666666666667,0.7142857142857143
0.38498435870698644,0.02993607400862741,0.40789473684210525,0.2813186813186813,0.029411764705882353,0.38596491228070173,0.08888888888888889,1.0
0.3345151199165798,0.030663686918559325,0.3157894736842105,0.189010989010989,0.029411764705882353,0.07017543859649122,0.022222222222222223,0.2857142857142857
0.1472367049009385,0.04864612026401954,0.3223684210526316,0.2945054945054945,0.029411764705882353,0.017543859649122806,0.022222222222222223,0.2857142857142857
0.12909280500521375,0.05321968712644873,0.3223684210526316,0.31648351648351647,0.029411764705882353,0.017543859649122806,0.022222222222222223,0.14285714285714285
0.12367049009384776,0.07751676108310379,0.6644736842105263,0.46593406593406594,0.029411764705882353,0.017543859649122806,0.1111111111111111,0.14285714285714285
0.32033368091762254,0.06231484850059768,0.20065789473684212,0.15604395604395604,0.029411764705882353,0.10526315789473684,0.1111111111111111,0.14285714285714285
0.44171011470281546,0.06335429551478614,0.26973684210526316,0.1956043956043956,0.029411764705882353,0.10526315789473684,0.1111111111111111,0.14285714285714285
0.5122002085505735,0.06340626786549555,0.3256578947368421,0.21978021978021978,0.029411764705882353,0.10526315789473684,0.1111111111111111,0.14285714285714285
0.26903023983315955,0.07000675640559223,0.4309210526315789,0.23076923076923078,0.029411764705882353,0.017543859649122806,0.1111111111111111,0.14285714285714285
0.3422314911366006,0.0800634062678655,0.5164473684210527,0.2549450549450549,0.029411764705882353,0.017543859649122806,0.1111111111111111,0.5714285714285714
0.36892596454640253,0.050543111064913465,0.24342105263157895,0.34065934065934067,0.029411764705882353,0.03508771929824561,0.022222222222222223,0.5714285714285714
0.0913451511991658,0.07208565043396913,0.2631578947368421,0.4021978021978022,0.029411764705882353,0.03508771929824561,0.022222222222222223,0.5714285714285714
0.41876955161626694,0.029182474923340782,0.18092105263157895,0.3274725274725275,0.029411764705882353,0.017543859649122806,0.06666666666666667,0.42857142857142855
0.6085505735140772,0.026765760615352633,0.19078947368421054,0.33186813186813185,0.029411764705882353,0.03508771929824561,0.044444444444444446,0.42857142857142855
0.49509906152241917,0.052751935970063925,0.19078947368421054,0.34285714285714286,0.029411764705882353,0.017543859649122806,0.044444444444444446,0.42857142857142855
0.510740354535975,0.058157060443843875,0.22039473684210525,0.3032967032967033,0.029411764705882353,0.017543859649122806,0.044444444444444446,0.42857142857142855
0.4306569343065693,0.060859622680733846,0.2236842105263158,0.26373626373626374,0.029411764705882353,0.017543859649122806,0.044444444444444446,0.42857142857142855
0.37038581856100106,0.06278259965698249,0.2236842105263158,0.29010989010989013,0.029411764705882353,0.017543859649122806,0.044444444444444446,0.42857142857142855
0.4494264859228363,0.04027857179980251,0.24671052631578946,0.23516483516483516,0.058823529411764705,0.10526315789473684,0.13333333333333333,0.14285714285714285
0.6125130344108446,0.04978951197962684,0.2730263157894737,0.27472527472527475,0.029411764705882353,0.10526315789473684,0.13333333333333333,0.14285714285714285
0.5862356621480709,0.052128267761550856,0.2730263157894737,0.2945054945054945,0.058823529411764705,0.017543859649122806,0.1111111111111111,0.14285714285714285
0.4684045881126173,0.05924847980874175,0.3026315789473684,0.3098901098901099,0.058823529411764705,0.017543859649122806,0.1111111111111111,0.14285714285714285
0.36767466110531805,0.05924847980874175,0.3256578947368421,0.31648351648351647,0.058823529411764705,0.017543859649122806,0.1111111111111111,0.14285714285714285
0.26819603753910326,0.05924847980874175,0.34539473684210525,0.3230769230769231,0.058823529411764705,0.017543859649122806,0.1111111111111111,0.14285714285714285
0.1916579770594369,0.06184709734421288,0.33881578947368424,0.3384615384615385,0.058823529411764705,0.017543859649122806,0.1111111111111111,0.14285714285714285
0.04212721584984359,0.023205654591757184,0.19736842105263158,0.15824175824175823,0.0,0.05263157894736842,0.022222222222222223,0.42857142857142855
0.00145985401459854,0.01808637804687906,0.20065789473684212,0.14725274725274726,0.0,0.05263157894736842,0.022222222222222223,0.42857142857142855
0.0018769551616266945,0.03926511096096876,0.20065789473684212,0.16923076923076924,0.0,0.05263157894736842,0.022222222222222223,0.42857142857142855
0.22940563086548488,0.017982433345460215,0.06578947368421052,0.11648351648351649,0.029411764705882353,0.05263157894736842,0.044444444444444446,0.14285714285714285
0.005422314911366006,0.020113299724546542,0.15789473684210525,0.23296703296703297,0.029411764705882353,0.017543859649122806,0.022222222222222223,0.2857142857142857
0.08925964546402503,0.005197235070942259,0.13815789473684212,0.1076923076923077,0.029411764705882353,0.03508771929824561,0.06666666666666667,0.14285714285714285
0.01897810218978102,0.005197235070942259,0.13815789473684212,0.1076923076923077,0.029411764705882353,0.03508771929824561,0.06666666666666667,0.14285714285714285
0.027320125130344108,0.005197235070942259,0.13815789473684212,0.1076923076923077,0.029411764705882353,0.017543859649122806,0.06666666666666667,0.14285714285714285
0.02356621480709072,0.009095161374148952,0.13815789473684212,0.1076923076923077,0.029411764705882353,0.017543859649122806,0.044444444444444446,0.14285714285714285
0.016684045881126174,0.009095161374148952,0.13486842105263158,0.11208791208791209,0.029411764705882353,0.017543859649122806,0.044444444444444446,0.14285714285714285
0.020229405630865484,0.009614884881243178,0.13486842105263158,0.11208791208791209,0.029411764705882353,0.017543859649122806,0.044444444444444446,0.14285714285714285
0.011470281543274244,0.009614884881243178,0.13486842105263158,0.11208791208791209,0.029411764705882353,0.017543859649122806,0.022222222222222223,0.14285714285714285
0.0064650677789363925,0.024167143079881503,0.18421052631578946,0.2725274725274725,0.029411764705882353,0.14035087719298245,0.06666666666666667,0.2857142857142857
0.022314911366006256,0.024167143079881503,0.18092105263157895,0.2879120879120879,0.029411764705882353,0.14035087719298245,0.06666666666666667,0.2857142857142857
0.005213764337851929,0.025518424198326492,0.18092105263157895,0.2945054945054945,0.029411764705882353,0.017543859649122806,0.044444444444444446,0.2857142857142857
0.06861313868613139,0.050153318434592795,0.6151315789473685,0.5560439560439561,0.029411764705882353,0.03508771929824561,0.06666666666666667,0.2857142857142857
0.10990615224191866,0.00904318902343953,0.09539473684210527,0.1912087912087912,0.029411764705882353,0.017543859649122806,0.044444444444444446,0.14285714285714285
0.06986444212721585,0.00904318902343953,0.10526315789473684,0.21318681318681318,0.029411764705882353,0.017543859649122806,0.044444444444444446,0.14285714285714285
0.02502606882168926,0.00904318902343953,0.10526315789473684,0.2021978021978022,0.029411764705882353,0.017543859649122806,0.044444444444444446,0.14285714285714285
0.045881126173096975,0.010342497791175095,0.10855263157894737,0.2043956043956044,0.029411764705882353,0.017543859649122806,0.08888888888888889,0.14285714285714285
0.023983315954118872,0.01086222129826932,0.19407894736842105,0.1912087912087912,0.029411764705882353,0.017543859649122806,0.044444444444444446,0.14285714285714285
0.02002085505735141,0.011303986279299412,0.23026315789473684,0.2,0.029411764705882353,0.017543859649122806,0.044444444444444446,0.14285714285714285
0.013347236704900938,0.046723143287770906,0.3782894736842105,0.36043956043956044,0.029411764705882353,0.10526315789473684,0.044444444444444446,0.7142857142857143
0.013764337851929093,0.012681253573099112,0.09539473684210527,0.189010989010989,0.0,0.017543859649122806,0.022222222222222223,0.14285714285714285
0.019603753910323252,0.0,0.01644736842105263,0.01978021978021978,0.0,0.017543859649122806,0.0,0.0
0.017101147028154327,0.0015591705212826775,0.023026315789473683,0.008791208791208791,0.0,0.017543859649122806,0.022222222222222223,0.0
0.08425443169968717,0.01829426744971675,0.049342105263157895,0.026373626373626374,0.0,0.017543859649122806,0.022222222222222223,0.0
0.021897810218978103,0.004157788056753807,0.07894736842105263,0.017582417582417582,0.0,0.017543859649122806,0.044444444444444446,0.0
0.013764337851929093,0.01304506002806507,0.0625,0.008791208791208791,0.0,0.0,0.06666666666666667,0.14285714285714285
0.012930135557872785,0.006912322644353204,0.21052631578947367,0.05054945054945055,0.0,0.3684210526315789,0.13333333333333333,0.5714285714285714
0.05651720542231491,0.007691907904994543,0.22039473684210525,0.04835164835164835,0.0,0.3684210526315789,0.13333333333333333,0.5714285714285714
0.006673618352450469,0.008731354919182994,0.22039473684210525,0.05934065934065934,0.0,0.3684210526315789,0.13333333333333333,0.5714285714285714
0.01251303441084463,0.0014552258198638325,0.02631578947368421,0.01098901098901099,0.0,0.017543859649122806,0.022222222222222223,0.14285714285714285
0.06965589155370178,0.0014552258198638325,0.02631578947368421,0.013186813186813187,0.0,0.017543859649122806,0.022222222222222223,0.14285714285714285
0.004379562043795621,0.0018190322748297906,0.05592105263157895,0.02857142857142857,0.0,0.12280701754385964,0.022222222222222223,0.14285714285714285
0.003545359749739312,0.0025986175354711294,0.05921052631578947,0.026373626373626374,0.0,0.12280701754385964,0.022222222222222223,0.14285714285714285
0.003753910323253389,0.0010394470141884518,0.009868421052631578,0.006593406593406593,0.0,0.017543859649122806,0.022222222222222223,0.0
0.0016684045881126173,0.0010394470141884518,0.009868421052631578,0.006593406593406593,0.0,0.017543859649122806,0.022222222222222223,0.0
0.12408759124087591,0.020113299724546542,0.23355263157894737,0.13626373626373625,0.0,0.017543859649122806,0.022222222222222223,0.14285714285714285
0.02961418143899896,0.028636765240891846,0.24342105263157895,0.17802197802197803,0.0,0.017543859649122806,0.022222222222222223,0.14285714285714285
0.003753910323253389,0.010004677511563849,0.3190789473684211,0.22417582417582418,0.0,0.0,0.022222222222222223,0.14285714285714285
0.05005213764337852,0.01847617067719973,0.29276315789473684,0.367032967032967,0.0,0.017543859649122806,0.022222222222222223,0.2857142857142857
0.0867570385818561,0.019385686814614625,0.29276315789473684,0.3208791208791209,0.0,0.017543859649122806,0.022222222222222223,0.2857142857142857
0.04692387904066736,0.020165272075255963,0.24342105263157895,0.31648351648351647,0.0,0.017543859649122806,0.022222222222222223,0.2857142857142857
0.05172054223149114,0.0354451431838262,0.4967105263157895,0.2989010989010989,0.0,0.017543859649122806,0.2222222222222222,0.8571428571428571
0.008550573514077163,0.012889142975936801,0.3980263157894737,0.15384615384615385,0.0,0.017543859649122806,0.15555555555555556,0.2857142857142857
0.0018769551616266945,0.018138350397588484,0.40789473684210525,0.15164835164835164,0.0,0.017543859649122806,0.15555555555555556,0.2857142857142857
0.03232533889468196,0.01728080661088301,0.11513157894736842,0.14065934065934066,0.0,0.017543859649122806,0.06666666666666667,0.14285714285714285
0.005422314911366006,0.016163401070630426,0.17434210526315788,0.15604395604395604,0.0,0.017543859649122806,0.044444444444444446,0.14285714285714285
0.010636079249217936,0.016163401070630426,0.17434210526315788,0.15164835164835164,0.0,0.017543859649122806,0.044444444444444446,0.14285714285714285
0.10260688216892597,0.012343433293487865,0.6381578947368421,0.24395604395604395,0.0,0.017543859649122806,0.044444444444444446,0.5714285714285714
0.03941605839416058,0.026246037108258406,0.6282894736842105,0.2549450549450549,0.0,0.017543859649122806,0.044444444444444446,0.5714285714285714
0.3532846715328467,0.040720336780832596,0.5855263157894737,0.33186813186813185,0.0,0.017543859649122806,0.2,0.42857142857142855
0.2448383733055266,0.03593888051556572,0.5855263157894737,0.3516483516483517,0.0,0.017543859649122806,0.2,0.42857142857142855
0.18519290928050053,0.0363546593212411,0.4868421052631579,0.367032967032967,0.0,0.017543859649122806,0.06666666666666667,0.42857142857142855
0.03420229405630865,0.002858479289018242,0.07236842105263158,0.06373626373626373,0.0,0.017543859649122806,0.022222222222222223,0.14285714285714285
0.02857142857142857,0.002858479289018242,0.07236842105263158,0.06813186813186813,0.0,0.017543859649122806,0.022222222222222223,0.14285714285714285
0.001251303441084463,0.0027285484122446858,0.0625,0.06593406593406594,0.0,0.017543859649122806,0.022222222222222223,0.14285714285714285
0.014181438998957248,0.0026765760615352634,0.06907894736842106,0.05274725274725275,0.0,0.017543859649122806,0.022222222222222223,0.14285714285714285
0.022314911366006256,0.0026765760615352634,0.06907894736842106,0.046153846153846156,0.0,0.017543859649122806,0.022222222222222223,0.14285714285714285
0.1478623566214807,0.00662647471545138,0.12171052631578948,0.08571428571428572,0.0,0.017543859649122806,0.022222222222222223,0.14285714285714285
0.0886339937434828,0.00662647471545138,0.14802631578947367,0.09010989010989011,0.0,0.017543859649122806,0.022222222222222223,0.14285714285714285
0.10427528675703858,0.00662647471545138,0.14802631578947367,0.09010989010989011,0.0,0.017543859649122806,0.022222222222222223,0.14285714285714285
0.02419186652763295,0.013123018554129203,0.3157894736842105,0.45714285714285713,0.0,0.22807017543859648,0.26666666666666666,0.2857142857142857
0.012095933263816475,0.0019749493269580584,0.01644736842105263,0.017582417582417582,0.0,0.017543859649122806,0.022222222222222223,0.0
0.008967674661105318,0.0009355023127696066,0.01644736842105263,0.017582417582417582,0.0,0.017543859649122806,0.022222222222222223,0.0
0.0010427528675703858,0.0023387557819240165,0.049342105263157895,0.03296703296703297,0.0,0.017543859649122806,0.022222222222222223,0.14285714285714285
0.0022940563086548487,0.005587027701262928,0.02631578947368421,0.017582417582417582,0.0,0.017543859649122806,0.022222222222222223,0.14285714285714285
0.007090719499478624,0.0032222857439842003,0.049342105263157895,0.05054945054945055,0.0,0.017543859649122806,0.08888888888888889,0.14285714285714285
0.010010427528675704,0.004261732758172652,0.17105263157894737,0.05934065934065934,0.0,0.017543859649122806,0.022222222222222223,0.14285714285714285
0.010427528675703858,0.0029624239904370874,0.16776315789473684,0.05934065934065934,0.0,0.017543859649122806,0.022222222222222223,0.14285714285714285
0.007507820646506778,0.0,0.013157894736842105,0.008791208791208791,0.0,0.017543859649122806,0.022222222222222223,0.0
0.0033368091762252345,0.0,0.013157894736842105,0.013186813186813187,0.0,0.017543859649122806,0.022222222222222223,0.0
0.0010427528675703858,0.0,0.006578947368421052,0.0,0.0,0.0,0.0,0.0
0.003962460896767466,0.0,0.006578947368421052,0.0,0.0,0.0,0.0,0.0
0.05443169968717414,0.012525336520970844,0.13815789473684212,0.046153846153846156,0.0,0.03508771929824561,0.044444444444444446,0.14285714285714285
0.042544316996871744,0.011745751260329505,0.13815789473684212,0.04835164835164835,0.0,0.03508771929824561,0.044444444444444446,0.14285714285714285
0.029197080291970802,0.010966165999688166,0.13815789473684212,0.05054945054945055,0.0,0.03508771929824561,0.044444444444444446,0.14285714285714285
0.0010427528675703858,0.0,0.01644736842105263,0.017582417582417582,0.0,0.0,0.0,0.0
0.007716371220020855,0.0,0.01644736842105263,0.017582417582417582,0.0,0.0,0.0,0.0
0.005213764337851929,0.0,0.009868421052631578,0.0,0.0,0.0,0.0,0.0
0.6561001042752868,0.02190634582402162,0.2993421052631579,0.12307692307692308,0.0,0.5614035087719298,0.6888888888888889,0.7142857142857143
0.17768508863399374,0.0027025622368899746,0.023026315789473683,0.01978021978021978,0.0,0.0,0.0,0.0
0.11157455683003129,0.0045995530377838986,0.34539473684210525,0.03296703296703297,0.0,0.017543859649122806,0.022222222222222223,0.14285714285714285
0.03253388946819604,0.05548048438230861,0.8947368421052632,0.41318681318681316,0.029411764705882353,0.017543859649122806,0.06666666666666667,0.7142857142857143
0.007716371220020855,0.009173119900213087,0.5296052631578947,0.14725274725274726,0.0,0.017543859649122806,0.022222222222222223,0.14285714285714285
0.049009384775808136,0.010394470141884517,0.16447368421052633,0.189010989010989,0.0,0.17543859649122806,0.13333333333333333,0.2857142857142857
0.7186652763295099,0.13403669247960084,0.47368421052631576,0.7538461538461538,0.058823529411764705,0.12280701754385964,0.06666666666666667,0.14285714285714285
1.0,0.1463801257730887,0.5032894736842105,0.8,0.058823529411764705,0.19298245614035087,0.06666666666666667,0.42857142857142855
0.2834202294056309,0.15890546229405955,0.506578947368421,0.8681318681318682,0.058823529411764705,0.19298245614035087,0.06666666666666667,0.14285714285714285
0.13534932221063609,0.1435476326594252,0.5131578947368421,0.9208791208791208,0.058823529411764705,0.15789473684210525,0.06666666666666667,0.14285714285714285
0.09572471324296142,0.1435476326594252,0.5427631578947368,0.9736263736263736,0.058823529411764705,0.15789473684210525,0.06666666666666667,0.14285714285714285
0.13305526590198122,0.1447170105503872,0.5657894736842105,1.0,0.058823529411764705,0.15789473684210525,0.06666666666666667,0.14285714285714285
0.024817518248175182,0.0766332311210436,0.27631578947368424,0.6043956043956044,0.029411764705882353,0.017543859649122806,0.022222222222222223,0.14285714285714285
0.010844629822732012,0.08731354919182995,0.2894736842105263,0.6307692307692307,0.029411764705882353,0.017543859649122806,0.022222222222222223,0.14285714285714285
0.008967674661105318,0.06008003742009251,0.5855263157894737,0.3824175824175824,0.0,0.017543859649122806,0.2222222222222222,0.14285714285714285
0.08342022940563086,0.03936905566238761,0.3190789473684211,0.3208791208791209,0.0,0.017543859649122806,0.13333333333333333,0.2857142857142857
0.01835245046923879,0.042929161685983055,0.4309210526315789,0.6725274725274726,0.029411764705882353,0.14035087719298245,0.022222222222222223,0.2857142857142857
0.08967674661105318,0.041629852918247494,0.19736842105263158,0.44835164835164837,0.029411764705882353,0.08771929824561403,0.022222222222222223,0.42857142857142855
0.009801876955161626,0.045034041889714674,0.20065789473684212,0.4857142857142857,0.029411764705882353,0.08771929824561403,0.022222222222222223,0.42857142857142855
0.021272158498435872,0.0,0.0,0.004395604395604396,0.0,0.03508771929824561,0.022222222222222223,0.0
0.025443169968717413,0.0,0.0,0.004395604395604396,0.0,0.017543859649122806,0.022222222222222223,0.0
0.01167883211678832,0.015591705212826776,0.09539473684210527,0.1010989010989011,0.0,0.017543859649122806,0.044444444444444446,0.14285714285714285
0.11595411887382691,0.04240943817888883,0.5197368421052632,0.2879120879120879,0.029411764705882353,0.03508771929824561,0.044444444444444446,0.42857142857142855
0.4805005213764338,0.06020996829686607,0.3881578947368421,0.23296703296703297,0.0,0.017543859649122806,0.4222222222222222,0.14285714285714285
0.2191866527632951,0.0605218024011226,0.39473684210526316,0.23296703296703297,0.0,0.017543859649122806,0.4444444444444444,0.14285714285714285
0.02586027111574557,0.014630216724702457,0.2894736842105263,0.3230769230769231,0.0,0.14035087719298245,0.022222222222222223,0.5714285714285714
0.06777893639207508,0.017228834260173586,0.3026315789473684,0.3098901098901099,0.0,0.03508771929824561,0.022222222222222223,0.5714285714285714
0.07507820646506778,0.025986175354711295,0.34868421052631576,0.38461538461538464,0.0,0.017543859649122806,0.022222222222222223,0.5714285714285714
0.037122002085505736,0.058157060443843875,0.4473684210526316,0.3648351648351648,0.029411764705882353,0.19298245614035087,0.26666666666666666,1.0
0.054223149113660066,0.036510576373369366,0.21710526315789475,0.210989010989011,0.029411764705882353,0.017543859649122806,0.06666666666666667,0.14285714285714285
